pv_future_profit,total_fee_income,total_expenses,profit_margin,break_even_year,scenario_name
1415121.6369626576,2780397.630806288,72646.1407695043,0.8731302058264503,1,base_case
1305500.4737919027,2525207.3844068157,50359.12495670082,1.1068081090025517,1,high_lapse
1140331.1687156975,2197697.4390323274,72646.1407695043,0.6849257816770774,1,low_investment_return
1405246.490012969,2780397.630806288,87175.36892340517,0.8684374580692978,1,high_expenses
859665.0918561672,1652069.7430901004,60430.94994804097,0.711127991397818,1,combined_stress
